{
  "train": {
    "accuracy": 1.0,
    "precision": 1.0,
    "recall": 1.0,
    "f1_score": 1.0
  },
  "validation": {
    "accuracy": 0.9781931464174455,
    "precision": 0.9782206947271079,
    "recall": 0.9781931464174455,
    "f1_score": 0.9781973955680934
  },
  "test": {
    "accuracy": 0.983790523690773,
    "precision": 0.9837962782349358,
    "recall": 0.983790523690773,
    "f1_score": 0.983791865210061
  }
}